symbol,price,date
ABCB4,11.9,01-02-2014
ABCB4,12.12,01-03-2014
ABCB4,12.25,01-06-2014
ABCB4,12.25,01-07-2014
ABCB4,12.54,01-08-2014
ABCB4,12.18,01-09-2014
ABCB4,12.03,01-10-2014
ABCB4,12.1,01-13-2014
ABCB4,12.18,01-14-2014
ABCB4,12.19,01-15-2014
ABCB4,11.91,01-16-2014
ABCB4,12.15,01-17-2014
ABCB4,12.05,01-20-2014
ABCB4,12.07,01-21-2014
ABCB4,12.0,01-22-2014
ABCB4,12.0,01-23-2014
ABCB4,11.78,01-24-2014
ABCB4,11.9,01-27-2014
ABCB4,12.29,01-28-2014
ABCB4,12.19,01-29-2014
ABCB4,11.85,01-30-2014
ABCB4,11.93,01-31-2014
ABCB4,11.52,02-03-2014
ABCB4,11.7,02-04-2014
ABCB4,12.09,02-05-2014
ABCB4,12.13,02-06-2014
ABCB4,12.2,02-07-2014
ABCB4,11.9,02-10-2014
ABCB4,12.3,02-11-2014
ABCB4,11.87,02-12-2014
ABCB4,11.77,02-13-2014
ABCB4,11.7,02-14-2014
ABCB4,11.81,02-17-2014
ABCB4,11.64,02-18-2014
ABCB4,11.75,02-19-2014
ABCB4,11.5,02-20-2014
ABCB4,11.48,02-21-2014
ABCB4,11.6,02-24-2014
ABCB4,11.34,02-25-2014
ABCB4,11.1,02-26-2014
ABCB4,11.25,02-27-2014
ABCB4,11.25,02-28-2014
ABCB4,11.48,03-05-2014
ABCB4,11.65,03-06-2014
ABCB4,11.55,03-07-2014
ABCB4,11.15,03-10-2014
ABCB4,11.19,03-11-2014
ABCB4,11.09,03-12-2014
ABCB4,11.1,03-13-2014
ABCB4,10.9,03-14-2014
ABCB4,10.8,03-17-2014
ABCB4,10.96,03-18-2014
ABCB4,11.34,03-19-2014
ABCB4,11.32,03-20-2014
ABCB4,11.59,03-21-2014
ABCB4,11.71,03-24-2014
ABCB4,11.68,03-25-2014
ABCB4,11.55,03-26-2014
ABCB4,11.65,03-27-2014
ABCB4,12.0,03-28-2014
ABCB4,12.65,03-31-2014
ABCB4,12.57,04-01-2014
ABCB4,12.89,04-02-2014
ABCB4,12.9,04-03-2014
ABCB4,12.71,04-04-2014
ABCB4,13.2,04-07-2014
ABCB4,12.95,04-08-2014
ABCB4,13.0,04-09-2014
ABCB4,12.85,04-10-2014
ABCB4,12.7,04-11-2014
ABCB4,12.8,04-14-2014
ABCB4,12.65,04-15-2014
ABCB4,12.55,04-16-2014
ABCB4,12.56,04-17-2014
ABCB4,12.54,04-22-2014
ABCB4,12.53,04-23-2014
ABCB4,12.6,04-24-2014
ABCB4,12.5,04-25-2014
ABCB4,12.55,04-28-2014
ABCB4,12.85,04-29-2014
ABCB4,13.05,04-30-2014
ABCB4,13.05,05-02-2014
ABCB4,13.15,05-05-2014
ABCB4,13.5,05-06-2014
ABCB4,13.59,05-07-2014
ABCB4,13.6,05-08-2014
ABCB4,13.5,05-09-2014
ABCB4,13.41,05-12-2014
ABCB4,13.55,05-13-2014
ABCB4,13.9,05-14-2014
ABCB4,13.53,05-15-2014
ABCB4,13.6,05-16-2014
ABCB4,13.5,05-19-2014
ABCB4,13.27,05-20-2014
ABCB4,13.15,05-21-2014
ABCB4,13.3,05-22-2014
ABCB4,13.05,05-23-2014
ABCB4,12.99,05-26-2014
ABCB4,12.82,05-27-2014
ABCB4,13.02,05-28-2014
ABCB4,13.14,05-29-2014
ABCB4,13.11,05-30-2014
ABCB4,13.07,06-02-2014
ABCB4,13.2,06-03-2014
ABCB4,13.0,06-04-2014
ABCB4,13.0,06-05-2014
ABCB4,13.3,06-06-2014
ABCB4,13.7,06-09-2014
ABCB4,13.51,06-10-2014
ABCB4,13.56,06-11-2014
ABCB4,13.75,06-13-2014
ABCB4,13.61,06-16-2014
ABCB4,13.52,06-17-2014
ABCB4,13.73,06-18-2014
ABCB4,13.5,06-20-2014
ABCB4,13.5,06-23-2014
ABCB4,13.69,06-24-2014
ABCB4,13.5,06-25-2014
ABCB4,13.58,06-26-2014
ABCB4,13.64,06-27-2014
ABCB4,13.6,06-30-2014
ABCB4,13.37,07-01-2014
ABCB4,13.33,07-02-2014
ABCB4,13.41,07-03-2014
ABCB4,13.44,07-04-2014
ABCB4,13.28,07-07-2014
ABCB4,13.29,07-08-2014
ABCB4,13.42,07-10-2014
ABCB4,13.36,07-11-2014
ABCB4,13.5,07-14-2014
ABCB4,13.55,07-15-2014
ABCB4,13.0,07-16-2014
ABCB4,13.06,07-17-2014
ABCB4,13.28,07-18-2014
ABCB4,13.28,07-21-2014
ABCB4,12.89,07-22-2014
ABCB4,12.5,07-23-2014
ABCB4,13.05,07-24-2014
ABCB4,12.65,07-25-2014
ABCB4,12.58,07-28-2014
ABCB4,12.68,07-29-2014
ABCB4,12.98,07-30-2014
ABCB4,12.95,07-31-2014
ABCB4,13.57,08-01-2014
ABCB4,13.75,08-04-2014
ABCB4,13.69,08-05-2014
ABCB4,13.67,08-06-2014
ABCB4,13.67,08-07-2014
ABCB4,13.56,08-08-2014
ABCB4,13.58,08-11-2014
ABCB4,13.75,08-12-2014
ABCB4,13.6,08-13-2014
ABCB4,13.28,08-14-2014
ABCB4,13.63,08-15-2014
ABCB4,13.85,08-18-2014
ABCB4,13.94,08-19-2014
ABCB4,13.9,08-20-2014
ABCB4,14.1,08-21-2014
ABCB4,14.04,08-22-2014
ABCB4,14.05,08-25-2014
ABCB4,13.9,08-26-2014
ABCB4,14.28,08-27-2014
ABCB4,14.85,08-28-2014
ABCB4,15.0,08-29-2014
ABCB4,14.6,09-01-2014
ABCB4,14.97,09-02-2014
ABCB4,15.1,09-03-2014
ABCB4,14.99,09-04-2014
ABCB4,15.27,09-05-2014
ABCB4,14.7,09-08-2014
ABCB4,14.7,09-09-2014
ABCB4,14.51,09-10-2014
ABCB4,14.9,09-11-2014
ABCB4,14.57,09-12-2014
ABCB4,14.41,09-15-2014
ABCB4,14.45,09-16-2014
ABCB4,14.22,09-17-2014
ABCB4,14.4,09-18-2014
ABCB4,14.05,09-19-2014
ABCB4,13.58,09-22-2014
ABCB4,13.62,09-23-2014
ABCB4,13.62,09-24-2014
ABCB4,13.39,09-25-2014
ABCB4,13.84,09-26-2014
ABCB4,13.37,09-29-2014
ABCB4,13.55,09-30-2014
ABCB4,13.0,10-01-2014
ABCB4,13.05,10-02-2014
ABCB4,13.16,10-03-2014
ABCB4,13.77,10-06-2014
ABCB4,13.8,10-07-2014
ABCB4,13.82,10-08-2014
ABCB4,13.85,10-09-2014
ABCB4,13.68,10-10-2014
ABCB4,14.21,10-13-2014
ABCB4,14.24,10-14-2014
ABCB4,14.15,10-15-2014
ABCB4,13.75,10-16-2014
ABCB4,14.0,10-17-2014
ABCB4,13.64,10-20-2014
ABCB4,13.4,10-21-2014
ABCB4,13.33,10-22-2014
ABCB4,12.77,10-23-2014
ABCB4,13.06,10-24-2014
ABCB4,12.66,10-27-2014
ABCB4,13.21,10-28-2014
ABCB4,13.11,10-29-2014
ABCB4,13.35,10-30-2014
ABCB4,13.77,10-31-2014
ABCB4,13.28,11-03-2014
ABCB4,13.55,11-04-2014
ABCB4,13.4,11-05-2014
ABCB4,13.21,11-06-2014
ABCB4,13.32,11-07-2014
ABCB4,13.15,11-10-2014
ABCB4,13.12,11-11-2014
ABCB4,13.17,11-12-2014
ABCB4,13.06,11-13-2014
ABCB4,12.87,11-14-2014
ABCB4,13.0,11-17-2014
ABCB4,13.0,11-18-2014
ABCB4,13.25,11-19-2014
ABCB4,13.75,11-21-2014
ABCB4,13.72,11-24-2014
ABCB4,13.79,11-25-2014
ABCB4,13.8,11-26-2014
ABCB4,13.98,11-27-2014
ABCB4,13.95,11-28-2014
ABCB4,13.55,12-01-2014
ABCB4,13.56,12-02-2014
ABCB4,13.46,12-03-2014
ABCB4,13.18,12-04-2014
ABCB4,13.39,12-05-2014
ABCB4,13.01,12-08-2014
ABCB4,13.03,12-09-2014
ABCB4,12.92,12-10-2014
ABCB4,13.02,12-11-2014
ABCB4,12.99,12-12-2014
ABCB4,13.0,12-15-2014
ABCB4,12.75,12-16-2014
ABCB4,12.9,12-17-2014
ABCB4,12.5,12-18-2014
ABCB4,12.74,12-19-2014
ABCB4,12.85,12-22-2014
ABCB4,12.6,12-23-2014
ABCB4,12.8,12-26-2014
ABCB4,12.99,12-29-2014
ABCB4,13.5,12-30-2014
ABCB4,12.55,01-02-2015
ABCB4,12.45,01-05-2015
ABCB4,12.15,01-06-2015
ABCB4,11.91,01-07-2015
ABCB4,11.92,01-08-2015
ABCB4,11.74,01-09-2015
ABCB4,11.6,01-12-2015
ABCB4,11.8,01-13-2015
ABCB4,11.75,01-14-2015
ABCB4,11.5,01-15-2015
ABCB4,11.8,01-16-2015
ABCB4,11.7,01-19-2015
ABCB4,11.5,01-20-2015
ABCB4,11.55,01-21-2015
ABCB4,11.53,01-22-2015
ABCB4,11.5,01-23-2015
ABCB4,11.43,01-26-2015
ABCB4,11.36,01-27-2015
ABCB4,11.35,01-28-2015
ABCB4,11.3,01-29-2015
ABCB4,11.35,01-30-2015
ABCB4,11.25,02-02-2015
ABCB4,11.35,02-03-2015
ABCB4,11.6,02-04-2015
ABCB4,11.8,02-05-2015
ABCB4,11.9,02-06-2015
ABCB4,11.9,02-09-2015
ABCB4,11.84,02-10-2015
ABCB4,12.15,02-11-2015
ABCB4,12.09,02-12-2015
ABCB4,12.1,02-13-2015
ABCB4,12.0,02-18-2015
ABCB4,11.9,02-19-2015
ABCB4,11.9,02-19-2015
ABCB4,11.9,02-19-2015
ABCB4,11.9,02-19-2015
ABCB4,11.9,02-19-2015
ABCB4,11.9,02-19-2015
ABCB4,11.9,02-19-2015
ABCB4,11.9,02-19-2015
ABCB4,11.9,02-19-2015
ABCB4,11.9,02-19-2015
ABCB4,11.9,02-19-2015
ABCB4,11.9,02-19-2015
ABCB4,11.9,02-19-2015
ABCB4,11.9,02-19-2015
ABCB4,11.9,02-19-2015
ABCB4,11.9,02-19-2015
ABCB4,11.9,02-19-2015
ABCB4,11.9,02-19-2015
ABCB4,11.9,02-19-2015
ABCB4,11.9,02-19-2015
ABCB4,11.9,02-19-2015
ABCB4,11.9,02-19-2015
ABCB4,11.9,02-19-2015
ABCB4,11.9,02-19-2015
ABCB4,11.9,02-19-2015
AELP3,8.71,01-02-2014
AELP3,9.25,01-03-2014
AELP3,8.84,01-08-2014
AELP3,8.21,01-09-2014
AELP3,8.4,01-10-2014
AELP3,8.34,01-13-2014
AELP3,8.28,01-14-2014
AELP3,8.3,01-15-2014
AELP3,8.3,01-16-2014
AELP3,8.47,01-17-2014
AELP3,7.52,01-20-2014
AELP3,7.84,01-21-2014
AELP3,7.68,01-23-2014
AELP3,7.79,01-28-2014
AELP3,7.5,01-29-2014
AELP3,7.52,01-30-2014
AELP3,7.49,01-31-2014
AELP3,7.35,02-03-2014
AELP3,7.39,02-04-2014
AELP3,7.27,02-05-2014
AELP3,7.54,02-06-2014
AELP3,7.17,02-07-2014
AELP3,7.68,02-10-2014
AELP3,7.08,02-13-2014
AELP3,7.01,02-14-2014
AELP3,7.25,02-17-2014
AELP3,6.85,02-18-2014
AELP3,7.17,02-19-2014
AELP3,7.05,02-20-2014
AELP3,7.1,02-24-2014
AELP3,7.19,02-25-2014
AELP3,7.44,02-26-2014
AELP3,7.28,02-27-2014
AELP3,7.41,02-28-2014
AELP3,7.39,03-05-2014
AELP3,7.05,03-06-2014
AELP3,6.87,03-07-2014
AELP3,6.78,03-10-2014
AELP3,6.89,03-12-2014
AELP3,6.87,03-13-2014
AELP3,6.87,03-14-2014
AELP3,7.13,03-18-2014
AELP3,7.19,03-20-2014
AELP3,7.19,03-24-2014
AELP3,7.34,03-25-2014
AELP3,7.45,03-31-2014
AELP3,6.51,04-01-2014
AELP3,7.19,04-02-2014
AELP3,7.19,04-03-2014
AELP3,7.27,04-04-2014
AELP3,7.07,04-07-2014
AELP3,7.1,04-08-2014
AELP3,7.0,04-09-2014
AELP3,7.05,04-10-2014
AELP3,7.0,04-14-2014
AELP3,7.0,04-15-2014
AELP3,7.5,04-17-2014
AELP3,7.8,04-23-2014
AELP3,7.21,04-24-2014
AELP3,7.88,04-28-2014
AELP3,6.99,04-29-2014
AELP3,6.81,04-30-2014
AELP3,6.99,05-02-2014
AELP3,7.1,05-05-2014
AELP3,7.12,05-06-2014
AELP3,7.12,05-07-2014
AELP3,7.01,05-08-2014
AELP3,7.3,05-09-2014
AELP3,7.3,05-13-2014
AELP3,7.58,05-14-2014
AELP3,7.58,05-15-2014
AELP3,7.84,05-16-2014
AELP3,7.65,05-22-2014
AELP3,7.67,05-23-2014
AELP3,7.67,05-27-2014
AELP3,7.54,05-28-2014
AELP3,7.65,05-29-2014
AELP3,7.35,06-02-2014
AELP3,7.35,06-03-2014
AELP3,7.35,06-04-2014
AELP3,7.24,06-06-2014
AELP3,7.35,06-09-2014
AELP3,7.44,06-10-2014
AELP3,7.5,06-17-2014
AELP3,7.68,06-18-2014
AELP3,7.3,06-23-2014
AELP3,8.2,06-24-2014
AELP3,8.3,06-25-2014
AELP3,8.04,07-01-2014
AELP3,7.94,07-02-2014
AELP3,7.99,07-04-2014
AELP3,8.0,07-08-2014
AELP3,8.35,07-10-2014
AELP3,8.35,07-11-2014
AELP3,8.55,07-14-2014
AELP3,8.04,07-17-2014
AELP3,8.05,07-18-2014
AELP3,8.55,07-22-2014
AELP3,8.3,07-23-2014
AELP3,8.5,07-24-2014
AELP3,8.47,07-31-2014
AELP3,8.5,08-01-2014
AELP3,8.1,08-05-2014
AELP3,8.44,08-06-2014
AELP3,8.0,08-12-2014
AELP3,8.4,08-14-2014
AELP3,8.4,08-15-2014
AELP3,8.0,08-19-2014
AELP3,8.76,08-20-2014
AELP3,8.7,08-21-2014
AELP3,8.6,08-26-2014
AELP3,8.21,08-28-2014
AELP3,8.69,08-29-2014
AELP3,8.63,09-01-2014
AELP3,8.63,09-04-2014
AELP3,8.2,09-09-2014
AELP3,8.47,09-10-2014
AELP3,8.39,09-15-2014
AELP3,8.0,09-18-2014
AELP3,7.8,09-23-2014
AELP3,7.7,09-26-2014
AELP3,7.69,10-03-2014
AELP3,7.68,10-06-2014
AELP3,7.58,10-08-2014
AELP3,7.49,10-09-2014
AELP3,7.49,10-13-2014
AELP3,7.0,10-17-2014
AELP3,6.98,10-20-2014
AELP3,6.08,10-22-2014
AELP3,6.8,10-23-2014
AELP3,6.02,10-24-2014
AELP3,6.79,10-27-2014
AELP3,7.25,10-28-2014
AELP3,6.99,10-29-2014
AELP3,6.7,10-31-2014
AELP3,6.69,11-03-2014
AELP3,6.69,11-04-2014
AELP3,6.69,11-06-2014
AELP3,6.6,11-11-2014
AELP3,7.88,11-12-2014
AELP3,7.79,11-14-2014
AELP3,7.5,11-21-2014
AELP3,7.79,11-24-2014
AELP3,7.75,11-25-2014
AELP3,7.7,11-26-2014
AELP3,7.5,12-02-2014
AELP3,7.78,12-04-2014
AELP3,7.0,12-09-2014
AELP3,7.5,12-10-2014
AELP3,7.29,12-15-2014
AELP3,7.4,12-16-2014
AELP3,9.34,12-19-2014
AELP3,8.89,01-02-2015
AELP3,9.5,01-06-2015
AELP3,8.9,01-14-2015
AELP3,8.5,01-19-2015
AELP3,9.2,01-20-2015
AELP3,9.2,01-21-2015
AELP3,9.0,01-22-2015
AELP3,9.21,01-23-2015
AELP3,8.99,01-26-2015
AELP3,7.26,01-30-2015
AELP3,8.49,02-02-2015
AELP3,8.29,02-11-2015
AELP3,8.29,02-11-2015
AELP3,8.29,02-11-2015
AELP3,8.29,02-11-2015
AELP3,8.29,02-11-2015
AELP3,8.29,02-11-2015
AELP3,8.29,02-11-2015
AELP3,8.29,02-11-2015
AELP3,8.29,02-11-2015
AGRO3,9.5,01-02-2014
AGRO3,9.21,01-03-2014
AGRO3,9.27,01-06-2014
AGRO3,9.39,01-07-2014
AGRO3,9.49,01-08-2014
AGRO3,9.37,01-09-2014
AGRO3,9.25,01-10-2014
AGRO3,9.17,01-13-2014
AGRO3,9.16,01-14-2014
AGRO3,9.1,01-15-2014
AGRO3,8.9,01-16-2014
AGRO3,9.0,01-17-2014
AGRO3,8.79,01-20-2014
AGRO3,8.84,01-21-2014
AGRO3,8.9,01-22-2014
AGRO3,8.8,01-23-2014
AGRO3,8.8,01-24-2014
AGRO3,8.99,01-27-2014
AGRO3,8.7,01-28-2014
AGRO3,8.7,01-29-2014
AGRO3,8.49,01-30-2014
AGRO3,7.9,01-31-2014
AGRO3,7.86,02-03-2014
AGRO3,7.89,02-04-2014
AGRO3,7.75,02-05-2014
AGRO3,7.75,02-06-2014
AGRO3,8.0,02-07-2014
AGRO3,7.92,02-10-2014
AGRO3,8.09,02-11-2014
AGRO3,7.85,02-12-2014
AGRO3,7.88,02-13-2014
AGRO3,8.05,02-14-2014
AGRO3,7.95,02-17-2014
AGRO3,7.9,02-18-2014
AGRO3,7.98,02-19-2014
AGRO3,7.99,02-20-2014
AGRO3,7.99,02-21-2014
AGRO3,8.0,02-24-2014
AGRO3,7.97,02-25-2014
AGRO3,7.97,02-26-2014
AGRO3,7.85,02-27-2014
AGRO3,8.0,02-28-2014
AGRO3,8.15,03-05-2014
AGRO3,8.2,03-06-2014
AGRO3,8.15,03-07-2014
AGRO3,8.2,03-10-2014
AGRO3,8.3,03-11-2014
AGRO3,8.53,03-12-2014
AGRO3,8.6,03-13-2014
AGRO3,8.8,03-14-2014
AGRO3,8.79,03-17-2014
AGRO3,8.6,03-18-2014
AGRO3,8.75,03-19-2014
AGRO3,8.6,03-20-2014
AGRO3,8.8,03-21-2014
AGRO3,8.8,03-24-2014
AGRO3,8.6,03-25-2014
AGRO3,8.59,03-26-2014
AGRO3,8.57,03-27-2014
AGRO3,8.6,03-28-2014
AGRO3,8.78,03-31-2014
AGRO3,8.6,04-01-2014
AGRO3,8.4,04-02-2014
AGRO3,8.79,04-03-2014
AGRO3,8.6,04-04-2014
AGRO3,8.85,04-07-2014
AGRO3,8.76,04-08-2014
AGRO3,9.1,04-09-2014
AGRO3,8.7,04-10-2014
AGRO3,8.7,04-11-2014
AGRO3,8.87,04-14-2014
AGRO3,9.18,04-15-2014
AGRO3,9.1,04-16-2014
AGRO3,9.1,04-17-2014
AGRO3,8.8,04-22-2014
AGRO3,8.9,04-23-2014
AGRO3,8.83,04-24-2014
AGRO3,8.99,04-25-2014
AGRO3,8.85,04-28-2014
AGRO3,8.9,04-29-2014
AGRO3,8.95,04-30-2014
AGRO3,9.12,05-02-2014
AGRO3,9.5,05-05-2014
AGRO3,9.61,05-06-2014
AGRO3,9.65,05-07-2014
AGRO3,9.84,05-08-2014
AGRO3,9.96,05-09-2014
AGRO3,10.07,05-12-2014
AGRO3,10.14,05-13-2014
AGRO3,10.24,05-14-2014
AGRO3,10.21,05-15-2014
AGRO3,10.1,05-16-2014
AGRO3,10.1,05-19-2014
AGRO3,10.15,05-20-2014
AGRO3,10.26,05-21-2014
AGRO3,10.29,05-22-2014
AGRO3,10.27,05-23-2014
AGRO3,10.33,05-26-2014
AGRO3,10.3,05-27-2014
AGRO3,10.3,05-28-2014
AGRO3,10.3,05-29-2014
AGRO3,10.39,05-30-2014
AGRO3,10.38,06-02-2014
AGRO3,10.1,06-03-2014
AGRO3,10.28,06-04-2014
AGRO3,10.15,06-05-2014
AGRO3,10.19,06-06-2014
AGRO3,10.15,06-09-2014
AGRO3,10.19,06-10-2014
AGRO3,9.99,06-11-2014
AGRO3,9.81,06-13-2014
AGRO3,9.75,06-16-2014
AGRO3,9.72,06-17-2014
AGRO3,9.4,06-18-2014
AGRO3,9.51,06-20-2014
AGRO3,9.54,06-23-2014
AGRO3,9.47,06-24-2014
AGRO3,9.49,06-25-2014
AGRO3,9.45,06-26-2014
AGRO3,9.55,06-27-2014
AGRO3,9.6,06-30-2014
AGRO3,9.58,07-01-2014
AGRO3,9.5,07-02-2014
AGRO3,9.62,07-03-2014
AGRO3,9.5,07-04-2014
AGRO3,9.65,07-07-2014
AGRO3,9.58,07-08-2014
AGRO3,9.39,07-10-2014
AGRO3,9.75,07-11-2014
AGRO3,9.6,07-14-2014
AGRO3,9.89,07-15-2014
AGRO3,9.67,07-16-2014
AGRO3,9.78,07-17-2014
AGRO3,9.83,07-18-2014
AGRO3,9.81,07-21-2014
AGRO3,9.75,07-22-2014
AGRO3,9.69,07-23-2014
AGRO3,9.67,07-24-2014
AGRO3,9.75,07-25-2014
AGRO3,9.74,07-28-2014
AGRO3,10.0,07-29-2014
AGRO3,10.0,07-30-2014
AGRO3,9.71,07-31-2014
AGRO3,9.61,08-01-2014
AGRO3,9.8,08-04-2014
AGRO3,9.8,08-05-2014
AGRO3,9.75,08-06-2014
AGRO3,9.8,08-07-2014
AGRO3,9.64,08-08-2014
AGRO3,9.55,08-11-2014
AGRO3,9.6,08-12-2014
AGRO3,9.6,08-13-2014
AGRO3,9.7,08-14-2014
AGRO3,9.67,08-15-2014
AGRO3,9.62,08-18-2014
AGRO3,9.73,08-19-2014
AGRO3,9.74,08-20-2014
AGRO3,9.65,08-21-2014
AGRO3,9.68,08-22-2014
AGRO3,9.68,08-25-2014
AGRO3,9.75,08-26-2014
AGRO3,9.6,08-27-2014
AGRO3,9.7,08-28-2014
AGRO3,9.69,08-29-2014
AGRO3,9.44,09-01-2014
AGRO3,9.59,09-02-2014
AGRO3,9.65,09-03-2014
AGRO3,9.6,09-04-2014
AGRO3,9.7,09-05-2014
AGRO3,9.7,09-08-2014
AGRO3,9.71,09-09-2014
AGRO3,9.7,09-10-2014
AGRO3,9.7,09-11-2014
AGRO3,9.65,09-12-2014
AGRO3,9.51,09-15-2014
AGRO3,9.06,09-16-2014
AGRO3,9.11,09-17-2014
AGRO3,9.08,09-18-2014
AGRO3,9.35,09-19-2014
AGRO3,9.35,09-22-2014
AGRO3,9.35,09-23-2014
AGRO3,9.35,09-24-2014
AGRO3,9.25,09-25-2014
AGRO3,9.15,09-26-2014
AGRO3,9.15,09-29-2014
AGRO3,9.06,09-30-2014
AGRO3,9.11,10-01-2014
AGRO3,8.95,10-02-2014
AGRO3,8.95,10-03-2014
AGRO3,8.75,10-06-2014
AGRO3,9.2,10-07-2014
AGRO3,8.6,10-08-2014
AGRO3,8.3,10-09-2014
AGRO3,8.44,10-10-2014
AGRO3,8.57,10-13-2014
AGRO3,8.5,10-14-2014
AGRO3,8.22,10-15-2014
AGRO3,7.96,10-16-2014
AGRO3,8.0,10-17-2014
AGRO3,7.99,10-20-2014
AGRO3,7.77,10-21-2014
AGRO3,7.55,10-22-2014
AGRO3,7.22,10-23-2014
AGRO3,7.3,10-24-2014
AGRO3,7.29,10-27-2014
AGRO3,7.27,10-28-2014
AGRO3,7.05,10-29-2014
AGRO3,6.91,10-30-2014
AGRO3,6.93,10-31-2014
AGRO3,7.25,11-03-2014
AGRO3,7.58,11-04-2014
AGRO3,7.16,11-05-2014
AGRO3,7.84,11-06-2014
AGRO3,7.58,11-07-2014
AGRO3,7.48,11-10-2014
AGRO3,7.01,11-11-2014
AGRO3,7.01,11-12-2014
AGRO3,7.01,11-13-2014
AGRO3,7.28,11-14-2014
AGRO3,6.96,11-17-2014
AGRO3,7.01,11-18-2014
AGRO3,7.3,11-19-2014
AGRO3,7.7,11-21-2014
AGRO3,7.39,11-24-2014
AGRO3,7.01,11-25-2014
AGRO3,7.0,11-26-2014
AGRO3,7.29,11-27-2014
AGRO3,7.45,11-28-2014
AGRO3,7.42,12-01-2014
AGRO3,7.38,12-02-2014
AGRO3,7.5,12-03-2014
AGRO3,7.45,12-04-2014
AGRO3,7.52,12-05-2014
AGRO3,7.5,12-08-2014
AGRO3,7.51,12-09-2014
AGRO3,7.65,12-10-2014
AGRO3,7.78,12-11-2014
AGRO3,7.74,12-12-2014
AGRO3,7.71,12-15-2014
AGRO3,7.71,12-16-2014
AGRO3,7.84,12-17-2014
AGRO3,8.03,12-18-2014
AGRO3,8.2,12-19-2014
AGRO3,8.51,12-22-2014
AGRO3,8.6,12-23-2014
AGRO3,8.95,12-26-2014
AGRO3,8.7,12-29-2014
AGRO3,9.09,12-30-2014
AGRO3,8.65,01-02-2015
AGRO3,8.7,01-05-2015
AGRO3,8.84,01-06-2015
AGRO3,8.84,01-07-2015
AGRO3,8.7,01-08-2015
AGRO3,8.74,01-09-2015
AGRO3,8.7,01-12-2015
AGRO3,8.6,01-13-2015
AGRO3,8.6,01-14-2015
AGRO3,8.5,01-15-2015
AGRO3,8.45,01-16-2015
AGRO3,8.5,01-19-2015
AGRO3,8.45,01-20-2015
AGRO3,8.4,01-21-2015
AGRO3,8.4,01-22-2015
AGRO3,8.4,01-23-2015
AGRO3,8.5,01-26-2015
AGRO3,8.3,01-27-2015
AGRO3,8.4,01-28-2015
AGRO3,8.39,01-29-2015
AGRO3,8.49,01-30-2015
AGRO3,8.4,02-02-2015
AGRO3,8.3,02-03-2015
AGRO3,8.35,02-04-2015
AGRO3,8.3,02-05-2015
AGRO3,8.25,02-06-2015
AGRO3,8.3,02-09-2015
AGRO3,8.33,02-10-2015
AGRO3,8.3,02-11-2015
AGRO3,8.38,02-12-2015
AGRO3,8.7,02-13-2015
AGRO3,8.65,02-18-2015
AGRO3,9.07,02-19-2015
AGRO3,9.07,02-19-2015
AGRO3,9.07,02-19-2015
AGRO3,9.07,02-19-2015
AGRO3,9.07,02-19-2015
AGRO3,9.07,02-19-2015
AGRO3,9.07,02-19-2015
AGRO3,9.07,02-19-2015
AGRO3,9.07,02-19-2015
ABEV3,17.39,01-02-2014
ABEV3,16.9,01-03-2014
ABEV3,16.8,01-06-2014
ABEV3,17.33,01-07-2014
ABEV3,17.5,01-08-2014
ABEV3,17.09,01-09-2014
ABEV3,17.2,01-10-2014
ABEV3,17.04,01-13-2014
ABEV3,17.25,01-14-2014
ABEV3,17.0,01-15-2014
ABEV3,16.78,01-16-2014
ABEV3,16.64,01-17-2014
ABEV3,16.7,01-20-2014
ABEV3,16.9,01-21-2014
ABEV3,17.14,01-22-2014
ABEV3,16.55,01-23-2014
ABEV3,16.43,01-24-2014
ABEV3,16.04,01-27-2014
ABEV3,16.1,01-28-2014
ABEV3,16.05,01-29-2014
ABEV3,15.87,01-30-2014
ABEV3,16.09,01-31-2014
ABEV3,15.5,02-03-2014
ABEV3,15.57,02-04-2014
ABEV3,15.44,02-05-2014
ABEV3,16.17,02-06-2014
ABEV3,16.39,02-07-2014
ABEV3,16.14,02-10-2014
ABEV3,16.6,02-11-2014
ABEV3,16.15,02-12-2014
ABEV3,16.33,02-13-2014
ABEV3,16.68,02-14-2014
ABEV3,16.56,02-17-2014
ABEV3,16.15,02-18-2014
ABEV3,16.34,02-19-2014
ABEV3,16.53,02-20-2014
ABEV3,16.58,02-21-2014
ABEV3,16.6,02-24-2014
ABEV3,16.6,02-25-2014
ABEV3,16.78,02-26-2014
ABEV3,16.89,02-27-2014
ABEV3,16.88,02-28-2014
ABEV3,16.8,03-05-2014
ABEV3,16.87,03-06-2014
ABEV3,16.76,03-07-2014
ABEV3,16.69,03-10-2014
ABEV3,16.7,03-11-2014
ABEV3,16.72,03-12-2014
ABEV3,16.6,03-13-2014
ABEV3,16.36,03-14-2014
ABEV3,16.67,03-17-2014
ABEV3,16.79,03-18-2014
ABEV3,16.77,03-19-2014
ABEV3,16.76,03-20-2014
ABEV3,16.66,03-21-2014
ABEV3,16.76,03-24-2014
ABEV3,16.74,03-25-2014
ABEV3,16.65,03-26-2014
ABEV3,17.05,03-27-2014
ABEV3,16.95,03-28-2014
ABEV3,16.95,03-31-2014
ABEV3,17.1,04-01-2014
ABEV3,17.3,04-02-2014
ABEV3,17.18,04-03-2014
ABEV3,16.9,04-04-2014
ABEV3,16.9,04-07-2014
ABEV3,16.82,04-08-2014
ABEV3,16.8,04-09-2014
ABEV3,16.98,04-10-2014
ABEV3,17.4,04-11-2014
ABEV3,17.37,04-14-2014
ABEV3,17.34,04-15-2014
ABEV3,17.49,04-16-2014
ABEV3,17.39,04-17-2014
ABEV3,17.84,04-22-2014
ABEV3,17.63,04-23-2014
ABEV3,17.4,04-24-2014
ABEV3,17.27,04-25-2014
ABEV3,17.24,04-28-2014
ABEV3,17.16,04-29-2014
ABEV3,16.3,04-30-2014
ABEV3,16.01,05-02-2014
ABEV3,16.5,05-05-2014
ABEV3,16.65,05-06-2014
ABEV3,16.3,05-07-2014
ABEV3,16.3,05-08-2014
ABEV3,16.53,05-09-2014
ABEV3,16.68,05-12-2014
ABEV3,16.6,05-13-2014
ABEV3,16.7,05-14-2014
ABEV3,16.5,05-15-2014
ABEV3,16.55,05-16-2014
ABEV3,16.49,05-19-2014
ABEV3,16.3,05-20-2014
ABEV3,16.5,05-21-2014
ABEV3,16.71,05-22-2014
ABEV3,16.58,05-23-2014
ABEV3,16.65,05-26-2014
ABEV3,16.12,05-27-2014
ABEV3,16.15,05-28-2014
ABEV3,16.15,05-29-2014
ABEV3,15.86,05-30-2014
ABEV3,16.3,06-02-2014
ABEV3,16.35,06-03-2014
ABEV3,16.21,06-04-2014
ABEV3,16.08,06-05-2014
ABEV3,16.3,06-06-2014
ABEV3,16.4,06-09-2014
ABEV3,16.33,06-10-2014
ABEV3,16.08,06-11-2014
ABEV3,15.85,06-13-2014
ABEV3,15.65,06-16-2014
ABEV3,15.55,06-17-2014
ABEV3,15.96,06-18-2014
ABEV3,16.0,06-20-2014
ABEV3,15.65,06-23-2014
ABEV3,15.58,06-24-2014
ABEV3,15.51,06-25-2014
ABEV3,15.68,06-26-2014
ABEV3,15.54,06-27-2014
ABEV3,15.76,06-30-2014
ABEV3,16.03,07-01-2014
ABEV3,16.0,07-02-2014
ABEV3,16.3,07-03-2014
ABEV3,16.32,07-04-2014
ABEV3,16.09,07-07-2014
ABEV3,16.07,07-08-2014
ABEV3,15.67,07-10-2014
ABEV3,15.7,07-11-2014
ABEV3,15.6,07-14-2014
ABEV3,15.71,07-15-2014
ABEV3,16.02,07-16-2014
ABEV3,16.2,07-17-2014
ABEV3,16.63,07-18-2014
ABEV3,16.81,07-21-2014
ABEV3,16.67,07-22-2014
ABEV3,16.47,07-23-2014
ABEV3,16.72,07-24-2014
ABEV3,16.6,07-25-2014
ABEV3,16.46,07-28-2014
ABEV3,16.4,07-29-2014
ABEV3,16.4,07-30-2014
ABEV3,15.67,07-31-2014
ABEV3,15.66,08-01-2014
ABEV3,15.67,08-04-2014
ABEV3,15.33,08-05-2014
ABEV3,15.46,08-06-2014
ABEV3,15.55,08-07-2014
ABEV3,15.7,08-08-2014
ABEV3,15.87,08-11-2014
ABEV3,15.83,08-12-2014
ABEV3,15.69,08-13-2014
ABEV3,15.72,08-14-2014
ABEV3,15.9,08-15-2014
ABEV3,16.14,08-18-2014
ABEV3,16.3,08-19-2014
ABEV3,16.38,08-20-2014
ABEV3,16.31,08-21-2014
ABEV3,16.25,08-22-2014
ABEV3,16.62,08-25-2014
ABEV3,16.55,08-26-2014
ABEV3,16.55,08-27-2014
ABEV3,16.33,08-28-2014
ABEV3,16.3,08-29-2014
ABEV3,15.96,09-01-2014
ABEV3,15.97,09-02-2014
ABEV3,16.23,09-03-2014
ABEV3,16.35,09-04-2014
ABEV3,16.0,09-05-2014
ABEV3,15.76,09-08-2014
ABEV3,15.7,09-09-2014
ABEV3,15.93,09-10-2014
ABEV3,15.8,09-11-2014
ABEV3,15.47,09-12-2014
ABEV3,16.05,09-15-2014
ABEV3,16.23,09-16-2014
ABEV3,15.95,09-17-2014
ABEV3,16.18,09-18-2014
ABEV3,16.4,09-19-2014
ABEV3,16.44,09-22-2014
ABEV3,16.39,09-23-2014
ABEV3,16.5,09-24-2014
ABEV3,16.36,09-25-2014
ABEV3,16.41,09-26-2014
ABEV3,16.16,09-29-2014
ABEV3,16.04,09-30-2014
ABEV3,15.6,10-01-2014
ABEV3,15.97,10-02-2014
ABEV3,16.2,10-03-2014
ABEV3,16.62,10-06-2014
ABEV3,16.44,10-07-2014
ABEV3,16.14,10-08-2014
ABEV3,16.1,10-09-2014
ABEV3,15.71,10-10-2014
ABEV3,16.07,10-13-2014
ABEV3,16.13,10-14-2014
ABEV3,15.77,10-15-2014
ABEV3,15.55,10-16-2014
ABEV3,16.07,10-17-2014
ABEV3,15.91,10-20-2014
ABEV3,15.59,10-21-2014
ABEV3,15.53,10-22-2014
ABEV3,15.2,10-23-2014
ABEV3,15.71,10-24-2014
ABEV3,15.65,10-27-2014
ABEV3,15.62,10-28-2014
ABEV3,15.63,10-29-2014
ABEV3,15.71,10-30-2014
ABEV3,16.4,10-31-2014
ABEV3,16.2,11-03-2014
ABEV3,16.35,11-04-2014
ABEV3,16.35,11-05-2014
ABEV3,16.29,11-06-2014
ABEV3,16.44,11-07-2014
ABEV3,16.32,11-10-2014
ABEV3,16.0,11-11-2014
ABEV3,16.37,11-12-2014
ABEV3,16.0,11-13-2014
ABEV3,15.82,11-14-2014
ABEV3,15.87,11-17-2014
ABEV3,16.18,11-18-2014
ABEV3,16.54,11-19-2014
ABEV3,17.13,11-21-2014
ABEV3,16.87,11-24-2014
ABEV3,16.83,11-25-2014
ABEV3,16.64,11-26-2014
ABEV3,16.56,11-27-2014
ABEV3,16.85,11-28-2014
ABEV3,16.01,12-01-2014
ABEV3,15.7,12-02-2014
ABEV3,15.76,12-03-2014
ABEV3,15.71,12-04-2014
ABEV3,16.0,12-05-2014
ABEV3,15.75,12-08-2014
ABEV3,15.68,12-09-2014
ABEV3,15.8,12-10-2014
ABEV3,15.99,12-11-2014
ABEV3,15.5,12-12-2014
ABEV3,15.43,12-15-2014
ABEV3,15.45,12-16-2014
ABEV3,15.82,12-17-2014
ABEV3,15.82,12-18-2014
ABEV3,15.95,12-19-2014
ABEV3,16.35,12-22-2014
ABEV3,16.37,12-23-2014
ABEV3,16.22,12-26-2014
ABEV3,16.37,12-29-2014
ABEV3,16.35,12-30-2014
ABEV3,16.01,01-02-2015
ABEV3,15.66,01-05-2015
ABEV3,16.11,01-06-2015
ABEV3,16.51,01-07-2015
ABEV3,16.48,01-08-2015
ABEV3,16.47,01-09-2015
ABEV3,16.78,01-12-2015
ABEV3,16.72,01-13-2015
ABEV3,16.67,01-14-2015
ABEV3,16.68,01-15-2015
ABEV3,16.9,01-16-2015
ABEV3,16.64,01-19-2015
ABEV3,16.88,01-20-2015
ABEV3,17.1,01-21-2015
ABEV3,17.22,01-22-2015
ABEV3,17.1,01-23-2015
ABEV3,17.02,01-26-2015
ABEV3,16.95,01-27-2015
ABEV3,17.11,01-28-2015
ABEV3,17.67,01-29-2015
ABEV3,17.63,01-30-2015
ABEV3,17.39,02-02-2015
ABEV3,17.5,02-03-2015
ABEV3,17.33,02-04-2015
ABEV3,17.6,02-05-2015
ABEV3,17.85,02-06-2015
ABEV3,18.16,02-09-2015
ABEV3,17.98,02-10-2015
ABEV3,17.84,02-11-2015
ABEV3,18.1,02-12-2015
ABEV3,17.96,02-13-2015
ABEV3,18.25,02-18-2015
ABEV3,18.24,02-19-2015
ABEV3,18.23,02-19-2015
AFLU3,5.5,04-22-2014
AFLU3,5.0,06-02-2014
AFLU3,5.0,06-09-2014
AFLU3,5.0,07-23-2014
AFLU3,5.0,08-01-2014
AFLU3,5.0,08-06-2014
AFLU3,4.99,09-01-2014
AFLU3,4.8,09-03-2014
AFLU3,4.99,09-04-2014
AFLU3,4.99,09-15-2014
AFLU3,4.99,10-06-2014
AFLU3,4.54,10-08-2014
AFLU3,4.54,10-10-2014
AFLU3,4.64,10-22-2014
AFLU3,4.64,10-23-2014
AFLU3,4.64,11-07-2014
AFLU3,4.64,11-11-2014
AFLU3,3.01,12-12-2014
AFLU3,3.23,12-18-2014
AFLU3,3.23,02-18-2015
AMAR3,18.4,01-02-2014
AMAR3,18.8,01-03-2014
AMAR3,18.8,01-06-2014
AMAR3,18.5,01-07-2014
AMAR3,18.55,01-08-2014
AMAR3,18.31,01-09-2014
AMAR3,17.98,01-10-2014
AMAR3,18.0,01-13-2014
AMAR3,17.98,01-14-2014
AMAR3,18.05,01-15-2014
AMAR3,18.1,01-16-2014
AMAR3,17.92,01-17-2014
AMAR3,17.7,01-20-2014
AMAR3,17.86,01-21-2014
AMAR3,18.1,01-22-2014
AMAR3,17.41,01-23-2014
AMAR3,16.4,01-24-2014
AMAR3,16.0,01-27-2014
AMAR3,16.2,01-28-2014
AMAR3,16.05,01-29-2014
AMAR3,16.0,01-30-2014
AMAR3,15.8,01-31-2014
AMAR3,15.35,02-03-2014
AMAR3,15.05,02-04-2014
AMAR3,14.99,02-05-2014
AMAR3,14.76,02-06-2014
AMAR3,15.36,02-07-2014
AMAR3,15.22,02-10-2014
AMAR3,14.7,02-11-2014
AMAR3,14.8,02-12-2014
AMAR3,14.41,02-13-2014
AMAR3,14.03,02-14-2014
AMAR3,13.95,02-17-2014
AMAR3,13.57,02-18-2014
AMAR3,13.4,02-19-2014
AMAR3,13.6,02-20-2014
AMAR3,13.2,02-21-2014
AMAR3,13.09,02-24-2014
AMAR3,13.85,02-25-2014
AMAR3,13.72,02-26-2014
AMAR3,14.0,02-27-2014
AMAR3,14.0,02-28-2014
AMAR3,14.0,03-05-2014
AMAR3,13.99,03-06-2014
AMAR3,14.08,03-07-2014
AMAR3,13.65,03-10-2014
AMAR3,13.71,03-11-2014
AMAR3,13.8,03-12-2014
AMAR3,13.65,03-13-2014
AMAR3,13.1,03-14-2014
AMAR3,13.06,03-17-2014
AMAR3,13.23,03-18-2014
AMAR3,13.37,03-19-2014
AMAR3,13.75,03-20-2014
AMAR3,13.9,03-21-2014
AMAR3,14.34,03-24-2014
AMAR3,13.82,03-25-2014
AMAR3,13.7,03-26-2014
AMAR3,14.38,03-27-2014
AMAR3,14.96,03-28-2014
AMAR3,15.4,03-31-2014
AMAR3,15.22,04-01-2014
AMAR3,15.43,04-02-2014
AMAR3,15.01,04-03-2014
AMAR3,15.03,04-04-2014
AMAR3,15.09,04-07-2014
AMAR3,14.73,04-08-2014
AMAR3,15.06,04-09-2014
AMAR3,14.72,04-10-2014
AMAR3,14.38,04-11-2014
AMAR3,14.57,04-14-2014
AMAR3,14.3,04-15-2014
AMAR3,14.5,04-16-2014
AMAR3,14.55,04-17-2014
AMAR3,14.65,04-22-2014
AMAR3,14.3,04-23-2014
AMAR3,14.32,04-24-2014
AMAR3,14.35,04-25-2014
AMAR3,14.6,04-28-2014
AMAR3,14.7,04-29-2014
AMAR3,15.08,04-30-2014
AMAR3,15.26,05-02-2014
AMAR3,15.45,05-05-2014
AMAR3,15.69,05-06-2014
AMAR3,16.3,05-07-2014
AMAR3,16.4,05-08-2014
AMAR3,16.67,05-09-2014
AMAR3,16.2,05-12-2014
AMAR3,16.6,05-13-2014
AMAR3,16.8,05-14-2014
AMAR3,16.68,05-15-2014
AMAR3,16.93,05-16-2014
AMAR3,17.3,05-19-2014
AMAR3,17.41,05-20-2014
AMAR3,17.51,05-21-2014
AMAR3,17.3,05-22-2014
AMAR3,17.38,05-23-2014
AMAR3,17.36,05-26-2014
AMAR3,16.66,05-27-2014
AMAR3,16.89,05-28-2014
AMAR3,17.0,05-29-2014
AMAR3,16.88,05-30-2014
AMAR3,16.75,06-02-2014
AMAR3,16.65,06-03-2014
AMAR3,16.65,06-04-2014
AMAR3,16.05,06-05-2014
AMAR3,16.4,06-06-2014
AMAR3,17.0,06-09-2014
AMAR3,17.27,06-10-2014
AMAR3,17.1,06-11-2014
AMAR3,16.97,06-13-2014
AMAR3,16.9,06-16-2014
AMAR3,16.89,06-17-2014
AMAR3,16.69,06-18-2014
AMAR3,16.76,06-20-2014
AMAR3,16.4,06-23-2014
AMAR3,16.4,06-24-2014
AMAR3,16.3,06-25-2014
AMAR3,16.3,06-26-2014
AMAR3,16.3,06-27-2014
AMAR3,16.3,06-30-2014
AMAR3,16.18,07-01-2014
AMAR3,15.7,07-02-2014
AMAR3,15.85,07-03-2014
AMAR3,15.63,07-04-2014
AMAR3,15.73,07-07-2014
AMAR3,15.75,07-08-2014
AMAR3,15.78,07-10-2014
AMAR3,15.79,07-11-2014
AMAR3,15.75,07-14-2014
AMAR3,15.57,07-15-2014
AMAR3,15.13,07-16-2014
AMAR3,15.2,07-17-2014
AMAR3,15.01,07-18-2014
AMAR3,15.45,07-21-2014
AMAR3,15.11,07-22-2014
AMAR3,14.76,07-23-2014
AMAR3,14.8,07-24-2014
AMAR3,14.8,07-25-2014
AMAR3,14.98,07-28-2014
AMAR3,14.95,07-29-2014
AMAR3,14.91,07-30-2014
AMAR3,14.83,07-31-2014
AMAR3,14.86,08-01-2014
AMAR3,16.21,08-04-2014
AMAR3,16.05,08-05-2014
AMAR3,16.18,08-06-2014
AMAR3,16.9,08-07-2014
AMAR3,17.9,08-08-2014
AMAR3,17.64,08-11-2014
AMAR3,17.41,08-12-2014
AMAR3,17.23,08-13-2014
AMAR3,17.25,08-14-2014
AMAR3,17.52,08-15-2014
AMAR3,17.31,08-18-2014
AMAR3,16.92,08-19-2014
AMAR3,17.24,08-20-2014
AMAR3,17.6,08-21-2014
AMAR3,17.5,08-22-2014
AMAR3,17.82,08-25-2014
AMAR3,17.97,08-26-2014
AMAR3,18.51,08-27-2014
AMAR3,18.5,08-28-2014
AMAR3,18.51,08-29-2014
AMAR3,18.65,09-01-2014
AMAR3,18.54,09-02-2014
AMAR3,18.24,09-03-2014
AMAR3,17.75,09-04-2014
AMAR3,17.51,09-05-2014
AMAR3,17.79,09-08-2014
AMAR3,18.1,09-09-2014
AMAR3,17.68,09-10-2014
AMAR3,17.66,09-11-2014
AMAR3,17.2,09-12-2014
AMAR3,17.3,09-15-2014
AMAR3,17.03,09-16-2014
AMAR3,16.9,09-17-2014
AMAR3,16.49,09-18-2014
AMAR3,16.5,09-19-2014
AMAR3,16.42,09-22-2014
AMAR3,16.65,09-23-2014
AMAR3,16.5,09-24-2014
AMAR3,16.2,09-25-2014
AMAR3,16.2,09-26-2014
AMAR3,15.8,09-29-2014
AMAR3,15.58,09-30-2014
AMAR3,15.16,10-01-2014
AMAR3,14.92,10-02-2014
AMAR3,14.92,10-03-2014
AMAR3,15.2,10-06-2014
AMAR3,15.1,10-07-2014
AMAR3,15.0,10-08-2014
AMAR3,15.01,10-09-2014
AMAR3,14.93,10-10-2014
AMAR3,15.35,10-13-2014
AMAR3,15.01,10-14-2014
AMAR3,14.82,10-15-2014
AMAR3,14.53,10-16-2014
AMAR3,14.27,10-17-2014
AMAR3,14.5,10-20-2014
AMAR3,15.2,10-21-2014
AMAR3,15.29,10-22-2014
AMAR3,14.5,10-23-2014
AMAR3,14.6,10-24-2014
AMAR3,15.08,10-27-2014
AMAR3,15.45,10-28-2014
AMAR3,15.31,10-29-2014
AMAR3,15.5,10-30-2014
AMAR3,15.7,10-31-2014
AMAR3,15.57,11-03-2014
AMAR3,15.66,11-04-2014
AMAR3,15.55,11-05-2014
AMAR3,15.29,11-06-2014
AMAR3,15.42,11-07-2014
AMAR3,15.66,11-10-2014
AMAR3,15.02,11-11-2014
AMAR3,14.83,11-12-2014
AMAR3,14.6,11-13-2014
AMAR3,14.66,11-14-2014
AMAR3,14.6,11-17-2014
AMAR3,14.61,11-18-2014
AMAR3,14.6,11-19-2014
AMAR3,15.1,11-21-2014
AMAR3,15.36,11-24-2014
AMAR3,15.21,11-25-2014
AMAR3,14.37,11-26-2014
AMAR3,14.4,11-27-2014
AMAR3,14.5,11-28-2014
AMAR3,13.93,12-01-2014
AMAR3,13.66,12-02-2014
AMAR3,13.78,12-03-2014
AMAR3,13.85,12-04-2014
AMAR3,14.4,12-05-2014
AMAR3,14.1,12-08-2014
AMAR3,14.88,12-09-2014
AMAR3,15.02,12-10-2014
AMAR3,15.11,12-11-2014
AMAR3,14.7,12-12-2014
AMAR3,14.1,12-15-2014
AMAR3,14.02,12-16-2014
AMAR3,14.0,12-17-2014
AMAR3,14.0,12-18-2014
AMAR3,14.06,12-19-2014
AMAR3,14.42,12-22-2014
AMAR3,14.6,12-23-2014
AMAR3,14.51,12-26-2014
AMAR3,14.6,12-29-2014
AMAR3,14.5,12-30-2014
AMAR3,14.51,01-02-2015
AMAR3,14.4,01-05-2015
AMAR3,13.51,01-06-2015
AMAR3,13.76,01-07-2015
AMAR3,13.61,01-08-2015
AMAR3,13.95,01-09-2015
AMAR3,13.76,01-12-2015
AMAR3,13.75,01-13-2015
AMAR3,13.8,01-14-2015
AMAR3,13.76,01-15-2015
AMAR3,13.77,01-16-2015
AMAR3,13.69,01-19-2015
AMAR3,14.0,01-20-2015
AMAR3,14.25,01-21-2015
AMAR3,13.98,01-22-2015
AMAR3,13.8,01-23-2015
AMAR3,14.25,01-26-2015
AMAR3,14.22,01-27-2015
AMAR3,14.54,01-28-2015
AMAR3,15.09,01-29-2015
AMAR3,14.66,01-30-2015
AMAR3,14.61,02-02-2015
AMAR3,14.32,02-03-2015
AMAR3,15.2,02-04-2015
AMAR3,15.3,02-05-2015
AMAR3,14.99,02-06-2015
AMAR3,15.06,02-09-2015
AMAR3,15.05,02-10-2015
AMAR3,14.49,02-11-2015
AMAR3,14.49,02-12-2015
AMAR3,14.52,02-13-2015
AMAR3,14.51,02-18-2015
AMAR3,15.09,02-19-2015
AMAR3,15.09,02-19-2015
BEES3,0.49,01-02-2014
BEES3,0.49,01-03-2014
BEES3,0.49,01-06-2014
BEES3,0.48,01-07-2014
BEES3,0.48,01-08-2014
BEES3,0.47,01-09-2014
BEES3,0.47,01-10-2014
BEES3,0.47,01-13-2014
BEES3,0.46,01-14-2014
BEES3,0.47,01-15-2014
BEES3,0.46,01-16-2014
BEES3,0.46,01-17-2014
BEES3,0.46,01-20-2014
BEES3,0.46,01-21-2014
BEES3,0.45,01-22-2014
BEES3,0.45,01-23-2014
BEES3,0.45,01-24-2014
BEES3,0.45,01-27-2014
BEES3,0.46,01-28-2014
BEES3,0.46,01-29-2014
BEES3,0.44,01-30-2014
BEES3,0.44,01-31-2014
BEES3,0.44,02-03-2014
BEES3,0.45,02-04-2014
BEES3,0.45,02-05-2014
BEES3,0.44,02-06-2014
BEES3,0.46,02-07-2014
BEES3,0.45,02-10-2014
BEES3,0.45,02-11-2014
BEES3,0.46,02-12-2014
BEES3,0.46,02-13-2014
BEES3,0.46,02-14-2014
BEES3,0.46,02-17-2014
BEES3,0.46,02-18-2014
BEES3,0.46,02-19-2014
BEES3,0.46,02-20-2014
BEES3,0.45,02-21-2014
BEES3,0.46,02-24-2014
BEES3,0.45,02-25-2014
BEES3,0.45,02-26-2014
BEES3,0.45,02-27-2014
BEES3,0.45,02-28-2014
BEES3,0.45,03-05-2014
BEES3,0.45,03-06-2014
BEES3,0.45,03-07-2014
BEES3,0.45,03-10-2014
BEES3,0.45,03-11-2014
BEES3,0.43,03-12-2014
BEES3,0.43,03-13-2014
BEES3,0.43,03-14-2014
BEES3,0.43,03-17-2014
BEES3,0.43,03-18-2014
BEES3,0.44,03-19-2014
BEES3,0.44,03-20-2014
BEES3,0.44,03-21-2014
BEES3,0.44,03-24-2014
BEES3,0.43,03-25-2014
BEES3,0.44,03-26-2014
BEES3,0.44,03-27-2014
BEES3,0.44,03-28-2014
BEES3,0.44,03-31-2014
BEES3,0.44,04-01-2014
BEES3,0.44,04-02-2014
BEES3,0.44,04-03-2014
BEES3,0.45,04-04-2014
BEES3,0.43,04-07-2014
BEES3,0.44,04-08-2014
BEES3,0.44,04-09-2014
BEES3,0.44,04-10-2014
BEES3,0.44,04-11-2014
BEES3,0.44,04-14-2014
BEES3,0.44,04-15-2014
BEES3,0.43,04-16-2014
BEES3,0.44,04-17-2014
BEES3,0.44,04-22-2014
BEES3,0.44,04-23-2014
BEES3,0.44,04-24-2014
BEES3,0.44,04-25-2014
BEES3,0.44,04-28-2014
BEES3,0.44,04-29-2014
BEES3,0.44,05-02-2014
BEES3,0.44,05-05-2014
BEES3,0.44,05-06-2014
BEES3,0.45,05-07-2014
BEES3,0.44,05-08-2014
BEES3,0.44,05-09-2014
BEES3,0.43,05-12-2014
BEES3,0.43,05-13-2014
BEES3,0.44,05-14-2014
BEES3,0.43,05-15-2014
BEES3,0.42,05-16-2014
BEES3,0.43,05-19-2014
BEES3,0.44,05-20-2014
BEES3,0.43,05-21-2014
BEES3,0.41,05-22-2014
BEES3,0.42,05-23-2014
BEES3,0.42,05-26-2014
BEES3,0.42,05-27-2014
BEES3,0.42,05-28-2014
BEES3,0.41,05-29-2014
BEES3,0.42,05-30-2014
BEES3,0.42,06-02-2014
BEES3,0.41,06-03-2014
BEES3,0.42,06-04-2014
BEES3,0.42,06-05-2014
BEES3,0.42,06-06-2014
BEES3,0.42,06-09-2014
BEES3,0.42,06-10-2014
BEES3,0.43,06-11-2014
BEES3,0.43,06-13-2014
BEES3,0.42,06-16-2014
BEES3,0.4,06-17-2014
BEES3,0.42,06-18-2014
BEES3,0.42,06-20-2014
BEES3,0.41,06-23-2014
BEES3,0.41,06-24-2014
BEES3,0.42,06-25-2014
BEES3,0.41,06-26-2014
BEES3,0.42,06-27-2014
BEES3,0.41,06-30-2014
BEES3,0.4,07-01-2014
BEES3,0.41,07-02-2014
BEES3,0.42,07-03-2014
BEES3,0.41,07-04-2014
BEES3,0.41,07-07-2014
BEES3,0.41,07-08-2014
BEES3,0.42,07-10-2014
BEES3,0.42,07-11-2014
BEES3,0.42,07-14-2014
BEES3,0.44,07-15-2014
BEES3,0.43,07-16-2014
BEES3,0.45,07-17-2014
BEES3,0.46,07-18-2014
BEES3,0.45,07-21-2014
BEES3,0.46,07-22-2014
BEES3,0.45,07-23-2014
BEES3,0.46,07-24-2014
BEES3,0.44,07-28-2014
BEES3,0.46,07-29-2014
BEES3,0.46,07-30-2014
BEES3,0.46,07-31-2014
BEES3,0.44,08-01-2014
BEES3,0.44,08-04-2014
BEES3,0.45,08-05-2014
BEES3,0.45,08-06-2014
BEES3,0.45,08-07-2014
BEES3,0.45,08-08-2014
BEES3,0.45,08-11-2014
BEES3,0.45,08-12-2014
BEES3,0.45,08-13-2014
BEES3,0.46,08-14-2014
BEES3,0.47,08-15-2014
BEES3,0.48,08-18-2014
BEES3,0.46,08-19-2014
BEES3,0.48,08-20-2014
BEES3,0.48,08-21-2014
BEES3,0.48,08-22-2014
BEES3,0.49,08-25-2014
BEES3,0.49,08-26-2014
BEES3,0.49,08-27-2014
BEES3,0.49,08-28-2014
BEES3,0.49,08-29-2014
BEES3,0.5,09-01-2014
BEES3,0.5,09-02-2014
BEES3,0.51,09-03-2014
BEES3,0.5,09-04-2014
BEES3,0.5,09-05-2014
BEES3,0.5,09-08-2014
BEES3,0.49,09-09-2014
BEES3,0.48,09-10-2014
BEES3,0.49,09-12-2014
BEES3,0.49,09-15-2014
BEES3,0.5,09-16-2014
BEES3,0.51,09-17-2014
BEES3,0.51,09-18-2014
BEES3,0.5,09-19-2014
BEES3,0.5,09-22-2014
BEES3,0.49,09-24-2014
BEES3,0.5,09-25-2014
BEES3,0.5,09-26-2014
BEES3,0.5,09-30-2014
BEES3,0.48,10-02-2014
BEES3,0.47,10-03-2014
BEES3,0.47,10-06-2014
BEES3,0.47,10-07-2014
BEES3,0.47,10-08-2014
BEES3,0.47,10-09-2014
BEES3,0.46,10-10-2014
BEES3,0.48,10-13-2014
BEES3,0.48,10-14-2014
BEES3,0.49,10-15-2014
BEES3,0.47,10-16-2014
BEES3,0.49,10-17-2014
BEES3,0.48,10-21-2014
BEES3,0.47,10-22-2014
BEES3,0.47,10-23-2014
BEES3,0.45,10-24-2014
BEES3,0.45,10-27-2014
BEES3,0.47,10-28-2014
BEES3,0.44,10-29-2014
BEES3,0.42,10-30-2014
BEES3,0.41,10-31-2014
BEES3,0.42,11-03-2014
BEES3,0.42,11-04-2014
BEES3,0.42,11-05-2014
BEES3,0.4,11-06-2014
BEES3,0.42,11-07-2014
BEES3,0.4,11-10-2014
BEES3,0.4,11-11-2014
BEES3,0.4,11-12-2014
BEES3,0.4,11-13-2014
BEES3,0.4,11-14-2014
BEES3,0.4,11-17-2014
BEES3,0.4,11-18-2014
BEES3,0.4,11-19-2014
BEES3,0.41,11-21-2014
BEES3,0.41,11-24-2014
BEES3,0.41,11-25-2014
BEES3,0.41,11-26-2014
BEES3,0.41,11-27-2014
BEES3,0.41,11-28-2014
BEES3,0.39,12-01-2014
BEES3,0.39,12-02-2014
BEES3,0.39,12-03-2014
BEES3,0.39,12-04-2014
BEES3,0.39,12-05-2014
BEES3,0.4,12-08-2014
BEES3,0.4,12-09-2014
BEES3,0.4,12-10-2014
BEES3,0.4,12-11-2014
BEES3,0.39,12-12-2014
BEES3,0.38,12-15-2014
BEES3,0.39,12-16-2014
BEES3,0.39,12-17-2014
BEES3,0.38,12-18-2014
BEES3,0.39,12-19-2014
BEES3,0.39,12-22-2014
BEES3,0.4,12-23-2014
BEES3,0.4,12-26-2014
BEES3,0.4,12-29-2014
BEES3,0.4,12-30-2014
BEES3,0.39,01-02-2015
BEES3,0.38,01-05-2015
BEES3,0.4,01-06-2015
BEES3,0.4,01-07-2015
BEES3,0.39,01-08-2015
BEES3,0.4,01-09-2015
BEES3,0.39,01-12-2015
BEES3,0.39,01-13-2015
BEES3,0.39,01-14-2015
BEES3,0.39,01-15-2015
BEES3,0.39,01-16-2015
BEES3,2.0,01-19-2015
BEES3,1.95,01-20-2015
BEES3,2.13,01-21-2015
BEES3,2.0,01-22-2015
BEES3,1.92,01-23-2015
BEES3,1.89,01-26-2015
BEES3,1.97,01-27-2015
BEES3,1.87,01-28-2015
BEES3,1.91,01-29-2015
BEES3,1.81,01-30-2015
BEES3,1.83,02-02-2015
BEES3,1.83,02-03-2015
BEES3,1.85,02-04-2015
BEES3,1.85,02-05-2015
BEES3,1.88,02-06-2015
BEES3,1.83,02-09-2015
BEES3,1.83,02-10-2015
BEES3,1.83,02-11-2015
BEES3,1.89,02-12-2015
BEES3,1.95,02-13-2015
BEES3,1.87,02-19-2015
BEES3,1.87,02-19-2015
BEES3,1.87,02-19-2015
AZEV4,1.64,01-07-2014
AZEV4,1.42,01-13-2014
AZEV4,1.5,01-16-2014
AZEV4,1.6,01-30-2014
AZEV4,1.55,02-06-2014
AZEV4,1.46,02-10-2014
AZEV4,1.59,02-13-2014
AZEV4,1.58,02-14-2014
AZEV4,1.5,02-18-2014
AZEV4,1.5,02-25-2014
AZEV4,1.48,02-26-2014
AZEV4,1.48,02-28-2014
AZEV4,1.47,03-05-2014
AZEV4,1.5,03-14-2014
AZEV4,1.51,03-17-2014
AZEV4,1.6,03-20-2014
AZEV4,1.64,03-28-2014
AZEV4,1.64,03-31-2014
AZEV4,1.64,04-01-2014
AZEV4,1.72,04-02-2014
AZEV4,1.64,04-07-2014
AZEV4,1.6,04-11-2014
AZEV4,1.6,04-14-2014
AZEV4,1.65,04-16-2014
AZEV4,1.65,04-17-2014
AZEV4,1.65,04-24-2014
AZEV4,1.61,04-25-2014
AZEV4,1.79,04-29-2014
AZEV4,2.0,04-30-2014
AZEV4,2.0,05-02-2014
AZEV4,2.0,05-05-2014
AZEV4,2.0,05-06-2014
AZEV4,2.1,05-07-2014
AZEV4,2.1,05-08-2014
AZEV4,2.2,05-09-2014
AZEV4,2.2,05-13-2014
AZEV4,2.2,05-14-2014
AZEV4,2.15,05-16-2014
AZEV4,2.2,05-19-2014
AZEV4,2.0,05-30-2014
AZEV4,2.1,06-02-2014
AZEV4,2.3,06-03-2014
AZEV4,2.38,06-04-2014
AZEV4,2.35,06-09-2014
AZEV4,2.3,06-11-2014
AZEV4,2.38,06-16-2014
AZEV4,2.4,06-17-2014
AZEV4,2.2,06-20-2014
AZEV4,2.35,06-24-2014
AZEV4,2.23,06-27-2014
AZEV4,2.23,06-30-2014
AZEV4,2.3,07-01-2014
AZEV4,2.01,07-04-2014
AZEV4,2.39,07-07-2014
AZEV4,2.4,07-08-2014
AZEV4,2.4,07-14-2014
AZEV4,2.33,07-16-2014
AZEV4,2.27,07-17-2014
AZEV4,2.15,07-18-2014
AZEV4,2.1,07-21-2014
AZEV4,2.14,07-22-2014
AZEV4,2.1,07-23-2014
AZEV4,2.27,07-24-2014
AZEV4,2.09,07-25-2014
AZEV4,2.05,07-28-2014
AZEV4,2.1,07-29-2014
AZEV4,2.08,08-04-2014
AZEV4,2.02,08-05-2014
AZEV4,2.05,08-06-2014
AZEV4,2.11,08-07-2014
AZEV4,2.44,08-11-2014
AZEV4,1.83,08-14-2014
AZEV4,1.82,08-15-2014
AZEV4,1.98,08-19-2014
AZEV4,1.85,08-22-2014
AZEV4,1.93,08-25-2014
AZEV4,1.9,08-27-2014
AZEV4,1.85,08-28-2014
AZEV4,1.8,08-29-2014
AZEV4,1.8,09-01-2014
AZEV4,1.81,09-02-2014
AZEV4,1.94,09-05-2014
AZEV4,1.92,09-16-2014
AZEV4,1.84,10-02-2014
AZEV4,1.84,10-06-2014
AZEV4,1.8,10-13-2014
AZEV4,1.63,10-16-2014
AZEV4,1.9,10-17-2014
AZEV4,1.82,10-21-2014
AZEV4,1.89,10-22-2014
AZEV4,1.72,10-23-2014
AZEV4,2.01,10-24-2014
AZEV4,1.54,11-14-2014
AZEV4,1.56,11-17-2014
AZEV4,1.65,11-18-2014
AZEV4,1.69,11-19-2014
AZEV4,1.84,11-21-2014
AZEV4,1.82,11-24-2014
AZEV4,1.82,11-26-2014
AZEV4,1.97,11-27-2014
AZEV4,1.73,11-28-2014
AZEV4,1.75,12-01-2014
AZEV4,1.81,12-02-2014
AZEV4,1.83,12-03-2014
AZEV4,1.8,12-04-2014
AZEV4,1.8,12-05-2014
AZEV4,1.75,12-08-2014
AZEV4,1.7,12-09-2014
AZEV4,1.84,12-11-2014
AZEV4,1.84,12-29-2014
AZEV4,1.84,01-02-2015
AZEV4,1.74,01-06-2015
AZEV4,1.75,01-07-2015
AZEV4,1.85,01-09-2015
AZEV4,1.75,02-10-2015
AZEV4,1.94,02-11-2015
